<?xml version = '1.0' encoding = 'UTF-8'?>
<Table class="oracle.dbtools.crest.model.design.relational.Table" directorySegmentName="seg_0" id="2974DC5D-98DF-ADF6-1CFC-4E04C7DC1F82" name="dim_tipo_pista">
<createdBy>peixe</createdBy>
<createdTime>2023-09-30 14:02:29 UTC</createdTime>
<ownerDesignName>modelagem_datatran</ownerDesignName>
<ordsAlias>table_6</ordsAlias>
<allowColumnReorder>false</allowColumnReorder>
<existDependencyGenerateInDDl>true</existDependencyGenerateInDDl>
<parsed>true</parsed>
<columns itemClass="oracle.dbtools.crest.model.design.relational.Column">
<Column name="ID_tipo_pista" id="608B0693-83C0-52C1-A0C8-5D95C15ABA3E">
<createdBy>peixe</createdBy>
<createdTime>2023-09-30 14:04:39 UTC</createdTime>
<ownerDesignName>modelagem_datatran</ownerDesignName>
<useDomainConstraints>false</useDomainConstraints>
<use>1</use>
<logicalDatatype>LOGDT019</logicalDatatype>
<dataTypePrecision>10</dataTypePrecision>
<ownDataTypeParameters>,10,</ownDataTypeParameters>
<autoIncrementCycle>false</autoIncrementCycle>
</Column>
<Column name="tp_pista" id="795C7AEA-7369-555F-99B4-B19C936EFB4E">
<createdBy>peixe</createdBy>
<createdTime>2023-09-30 14:04:39 UTC</createdTime>
<ownerDesignName>modelagem_datatran</ownerDesignName>
<useDomainConstraints>false</useDomainConstraints>
<use>1</use>
<logicalDatatype>LOGDT024</logicalDatatype>
<dataTypeSize>50</dataTypeSize>
<ownDataTypeParameters>50,,</ownDataTypeParameters>
<autoIncrementCycle>false</autoIncrementCycle>
</Column>
<Column name="tcd_via" id="00946F92-1912-CFC8-43A0-E83506F0EF00">
<createdBy>peixe</createdBy>
<createdTime>2023-09-30 14:04:39 UTC</createdTime>
<ownerDesignName>modelagem_datatran</ownerDesignName>
<useDomainConstraints>false</useDomainConstraints>
<use>1</use>
<logicalDatatype>LOGDT024</logicalDatatype>
<dataTypeSize>50</dataTypeSize>
<ownDataTypeParameters>50,,</ownDataTypeParameters>
<autoIncrementCycle>false</autoIncrementCycle>
</Column>
<Column name="uso_solo" id="932D2E70-EDAA-8E8D-31A7-37A3BD71E35F">
<createdBy>peixe</createdBy>
<createdTime>2023-09-30 14:04:39 UTC</createdTime>
<ownerDesignName>modelagem_datatran</ownerDesignName>
<useDomainConstraints>false</useDomainConstraints>
<use>1</use>
<logicalDatatype>LOGDT024</logicalDatatype>
<dataTypeSize>50</dataTypeSize>
<ownDataTypeParameters>50,,</ownDataTypeParameters>
<autoIncrementCycle>false</autoIncrementCycle>
</Column>
<Column name="std_via" id="99F7791C-0C0D-277D-FE65-7AB3B120EE4E">
<createdBy>peixe</createdBy>
<createdTime>2023-09-30 14:04:39 UTC</createdTime>
<ownerDesignName>modelagem_datatran</ownerDesignName>
<useDomainConstraints>false</useDomainConstraints>
<use>1</use>
<logicalDatatype>LOGDT024</logicalDatatype>
<dataTypeSize>50</dataTypeSize>
<ownDataTypeParameters>50,,</ownDataTypeParameters>
<autoIncrementCycle>false</autoIncrementCycle>
</Column>
</columns>
<indexes itemClass="oracle.dbtools.crest.model.design.relational.Index">
<ind_PK_UK id="A040EC05-F663-A0BF-69F8-D4B416B9E500" name="dim_tipo_pista_PK">
<createdBy>peixe</createdBy>
<createdTime>2023-09-30 14:04:39 UTC</createdTime>
<ownerDesignName>modelagem_datatran</ownerDesignName>
<pk>true</pk>
<indexState>Primary Constraint</indexState>
<isSurrogateKey>false</isSurrogateKey>
<indexColumnUsage>
<colUsage columnID="608B0693-83C0-52C1-A0C8-5D95C15ABA3E"/>
</indexColumnUsage>
</ind_PK_UK>
</indexes>
</Table>