<?xml version = '1.0' encoding = 'UTF-8'?>
<Table class="oracle.dbtools.crest.model.design.relational.Table" directorySegmentName="seg_0" id="311CD0ED-9674-D959-00E0-C21D1ADBDFDA" name="fato_acidentes">
<createdBy>peixe</createdBy>
<createdTime>2023-09-30 14:10:00 UTC</createdTime>
<ownerDesignName>modelagem_datatran</ownerDesignName>
<ordsAlias>table_8</ordsAlias>
<allowColumnReorder>false</allowColumnReorder>
<existDependencyGenerateInDDl>true</existDependencyGenerateInDDl>
<parsed>true</parsed>
<columns itemClass="oracle.dbtools.crest.model.design.relational.Column">
<Column name="ID_dsc_acidente" id="BF02C0EE-EF3E-BB94-E321-32B81C0B131C">
<createdBy>peixe</createdBy>
<createdTime>2023-09-30 14:15:40 UTC</createdTime>
<ownerDesignName>modelagem_datatran</ownerDesignName>
<useDomainConstraints>false</useDomainConstraints>
<use>1</use>
<logicalDatatype>LOGDT019</logicalDatatype>
<dataTypePrecision>10</dataTypePrecision>
<ownDataTypeParameters>,,</ownDataTypeParameters>
<previousColumn>false</previousColumn>
<autoIncrementCycle>false</autoIncrementCycle>
<associations>
<colAssociation fkAssociation="85B452CA-F2C2-2013-05A7-121AB3B4E10C" referredColumn="0D001783-F902-8738-27A6-B2022D4D883F"/>
</associations>
</Column>
<Column name="ID_tipo_acidente" id="719D860D-1186-9D26-02D8-01283EF53E68">
<createdBy>peixe</createdBy>
<createdTime>2023-09-30 14:16:46 UTC</createdTime>
<ownerDesignName>modelagem_datatran</ownerDesignName>
<useDomainConstraints>false</useDomainConstraints>
<use>1</use>
<logicalDatatype>LOGDT019</logicalDatatype>
<dataTypePrecision>10</dataTypePrecision>
<ownDataTypeParameters>,,</ownDataTypeParameters>
<previousColumn>false</previousColumn>
<autoIncrementCycle>false</autoIncrementCycle>
<associations>
<colAssociation fkAssociation="0E8227F6-74D8-D5F6-9C15-B71D0AEBD000" referredColumn="0CBF4DEA-C559-43DB-85A0-9F341329182C"/>
</associations>
</Column>
<Column name="ID_local" id="69B17A96-AD08-403A-F002-3AF133BFF1B0">
<createdBy>peixe</createdBy>
<createdTime>2023-09-30 14:16:55 UTC</createdTime>
<ownerDesignName>modelagem_datatran</ownerDesignName>
<useDomainConstraints>false</useDomainConstraints>
<use>1</use>
<logicalDatatype>LOGDT019</logicalDatatype>
<dataTypePrecision>10</dataTypePrecision>
<ownDataTypeParameters>,,</ownDataTypeParameters>
<previousColumn>false</previousColumn>
<autoIncrementCycle>false</autoIncrementCycle>
<associations>
<colAssociation fkAssociation="89D8E47A-F233-610C-BC6D-EB60551C33D7" referredColumn="A1740DEA-40BD-3B8B-A117-EA7DBF7CCEC0"/>
</associations>
</Column>
<Column name="ID_hora" id="02BD040E-4E39-1137-D979-8BCF08E8385F">
<createdBy>peixe</createdBy>
<createdTime>2023-09-30 14:17:08 UTC</createdTime>
<ownerDesignName>modelagem_datatran</ownerDesignName>
<useDomainConstraints>false</useDomainConstraints>
<use>1</use>
<logicalDatatype>LOGDT019</logicalDatatype>
<dataTypePrecision>10</dataTypePrecision>
<ownDataTypeParameters>,,</ownDataTypeParameters>
<previousColumn>false</previousColumn>
<autoIncrementCycle>false</autoIncrementCycle>
<associations>
<colAssociation fkAssociation="ABE1962E-DF5B-B734-AD47-A30692700178" referredColumn="4E13664A-4F28-ED1C-47A1-530263CA41A9"/>
</associations>
</Column>
<Column name="ID_data" id="3268A98C-73C9-8E13-CF56-045F5959F577">
<createdBy>peixe</createdBy>
<createdTime>2023-09-30 14:17:16 UTC</createdTime>
<ownerDesignName>modelagem_datatran</ownerDesignName>
<useDomainConstraints>false</useDomainConstraints>
<use>1</use>
<logicalDatatype>LOGDT019</logicalDatatype>
<dataTypePrecision>10</dataTypePrecision>
<ownDataTypeParameters>,,</ownDataTypeParameters>
<previousColumn>false</previousColumn>
<autoIncrementCycle>false</autoIncrementCycle>
<associations>
<colAssociation fkAssociation="886F824F-4CE8-3D18-A65B-D555BA404AA6" referredColumn="5E1452A3-4489-BF13-006A-EFA88C57ADBC"/>
</associations>
</Column>
<Column name="ID_condicao_meteorologica" id="D2770637-B8F1-72FB-5253-F1751E227C0A">
<createdBy>peixe</createdBy>
<createdTime>2023-09-30 14:17:28 UTC</createdTime>
<ownerDesignName>modelagem_datatran</ownerDesignName>
<useDomainConstraints>false</useDomainConstraints>
<use>1</use>
<logicalDatatype>LOGDT019</logicalDatatype>
<dataTypePrecision>10</dataTypePrecision>
<ownDataTypeParameters>,,</ownDataTypeParameters>
<previousColumn>false</previousColumn>
<autoIncrementCycle>false</autoIncrementCycle>
<associations>
<colAssociation fkAssociation="955497D0-8C06-B93E-C7A4-DDF1C5F4AA4D" referredColumn="A023096B-6FDD-8326-CF98-0D46558EDBB8"/>
</associations>
</Column>
<Column name="ID_tipo_pista" id="50E2C2F2-C939-C26F-96F2-EF2AA9E32344">
<createdBy>peixe</createdBy>
<createdTime>2023-09-30 14:17:33 UTC</createdTime>
<ownerDesignName>modelagem_datatran</ownerDesignName>
<useDomainConstraints>false</useDomainConstraints>
<use>1</use>
<logicalDatatype>LOGDT019</logicalDatatype>
<dataTypePrecision>10</dataTypePrecision>
<ownDataTypeParameters>,,</ownDataTypeParameters>
<previousColumn>false</previousColumn>
<autoIncrementCycle>false</autoIncrementCycle>
<associations>
<colAssociation fkAssociation="4E31AA3D-1176-B885-1FDF-93537D6A7187" referredColumn="608B0693-83C0-52C1-A0C8-5D95C15ABA3E"/>
</associations>
</Column>
<Column name="num_pessoas" id="44AFFA48-3E80-8143-2175-0CFAD305DA42">
<createdBy>peixe</createdBy>
<createdTime>2023-09-30 14:13:46 UTC</createdTime>
<ownerDesignName>modelagem_datatran</ownerDesignName>
<useDomainConstraints>false</useDomainConstraints>
<use>1</use>
<logicalDatatype>LOGDT019</logicalDatatype>
<dataTypePrecision>10</dataTypePrecision>
<ownDataTypeParameters>,10,</ownDataTypeParameters>
<autoIncrementCycle>false</autoIncrementCycle>
</Column>
<Column name="num_mortos" id="18E56B66-93DB-CAFF-FC2E-85FB60B41E94">
<createdBy>peixe</createdBy>
<createdTime>2023-09-30 14:13:46 UTC</createdTime>
<ownerDesignName>modelagem_datatran</ownerDesignName>
<useDomainConstraints>false</useDomainConstraints>
<use>1</use>
<logicalDatatype>LOGDT019</logicalDatatype>
<dataTypePrecision>10</dataTypePrecision>
<ownDataTypeParameters>,10,</ownDataTypeParameters>
<autoIncrementCycle>false</autoIncrementCycle>
</Column>
<Column name="num_feridos_leves" id="F4A1118A-6E95-35E9-E942-D7AA58ABD260">
<createdBy>peixe</createdBy>
<createdTime>2023-09-30 14:13:46 UTC</createdTime>
<ownerDesignName>modelagem_datatran</ownerDesignName>
<useDomainConstraints>false</useDomainConstraints>
<use>1</use>
<logicalDatatype>LOGDT019</logicalDatatype>
<dataTypePrecision>10</dataTypePrecision>
<ownDataTypeParameters>,10,</ownDataTypeParameters>
<autoIncrementCycle>false</autoIncrementCycle>
</Column>
<Column name="num_feridos_graves" id="F9238F5F-4951-11CE-CC3C-84E85B0EA7C7">
<createdBy>peixe</createdBy>
<createdTime>2023-09-30 14:13:46 UTC</createdTime>
<ownerDesignName>modelagem_datatran</ownerDesignName>
<useDomainConstraints>false</useDomainConstraints>
<use>1</use>
<logicalDatatype>LOGDT019</logicalDatatype>
<dataTypePrecision>10</dataTypePrecision>
<ownDataTypeParameters>,10,</ownDataTypeParameters>
<autoIncrementCycle>false</autoIncrementCycle>
</Column>
<Column name="num_ilesos" id="A7720644-DCE2-476E-8085-D06667E033CE">
<createdBy>peixe</createdBy>
<createdTime>2023-09-30 14:13:46 UTC</createdTime>
<ownerDesignName>modelagem_datatran</ownerDesignName>
<useDomainConstraints>false</useDomainConstraints>
<use>1</use>
<logicalDatatype>LOGDT019</logicalDatatype>
<dataTypePrecision>10</dataTypePrecision>
<ownDataTypeParameters>,10,</ownDataTypeParameters>
<autoIncrementCycle>false</autoIncrementCycle>
</Column>
<Column name="num_ignorados" id="1B616C9C-5F5E-3CB4-5614-ABE89F1EF1E7">
<createdBy>peixe</createdBy>
<createdTime>2023-09-30 14:13:46 UTC</createdTime>
<ownerDesignName>modelagem_datatran</ownerDesignName>
<useDomainConstraints>false</useDomainConstraints>
<use>1</use>
<logicalDatatype>LOGDT019</logicalDatatype>
<dataTypePrecision>10</dataTypePrecision>
<ownDataTypeParameters>,10,</ownDataTypeParameters>
<autoIncrementCycle>false</autoIncrementCycle>
</Column>
<Column name="num_veiculos" id="76913228-0DBD-7679-8EA7-D4DC5A8CEE45">
<createdBy>peixe</createdBy>
<createdTime>2023-09-30 14:13:46 UTC</createdTime>
<ownerDesignName>modelagem_datatran</ownerDesignName>
<useDomainConstraints>false</useDomainConstraints>
<use>1</use>
<logicalDatatype>LOGDT019</logicalDatatype>
<dataTypePrecision>10</dataTypePrecision>
<ownDataTypeParameters>,10,</ownDataTypeParameters>
<autoIncrementCycle>false</autoIncrementCycle>
</Column>
</columns>
<indexes itemClass="oracle.dbtools.crest.model.design.relational.Index">
<ind_PK_UK id="9F82CB16-1C28-01BA-6C6E-4F06BD1AE383" name="fato_acidentes_PK">
<createdBy>peixe</createdBy>
<createdTime>2023-09-30 14:19:36 UTC</createdTime>
<ownerDesignName>modelagem_datatran</ownerDesignName>
<pk>true</pk>
<indexState>Primary Constraint</indexState>
<isSurrogateKey>false</isSurrogateKey>
<indexColumnUsage>
<colUsage columnID="BF02C0EE-EF3E-BB94-E321-32B81C0B131C"/>
<colUsage columnID="719D860D-1186-9D26-02D8-01283EF53E68"/>
<colUsage columnID="69B17A96-AD08-403A-F002-3AF133BFF1B0"/>
<colUsage columnID="02BD040E-4E39-1137-D979-8BCF08E8385F"/>
<colUsage columnID="3268A98C-73C9-8E13-CF56-045F5959F577"/>
<colUsage columnID="D2770637-B8F1-72FB-5253-F1751E227C0A"/>
<colUsage columnID="50E2C2F2-C939-C26F-96F2-EF2AA9E32344"/>
</indexColumnUsage>
</ind_PK_UK>
<ind_PK_UK id="AA410090-1EC8-A0E1-454C-ECDD0A1B3C3D" name="dim_causa_acidente_FK">
<createdBy>peixe</createdBy>
<createdTime>2023-09-30 14:15:40 UTC</createdTime>
<ownerDesignName>modelagem_datatran</ownerDesignName>
<indexState>Foreign Key</indexState>
<isSurrogateKey>false</isSurrogateKey>
<indexColumnUsage>
<colUsage columnID="BF02C0EE-EF3E-BB94-E321-32B81C0B131C"/>
</indexColumnUsage>
</ind_PK_UK>
<ind_PK_UK id="025CA07B-8D48-2B2C-25F9-852D1E84FD3F" name="dim_tipo_acidente_FK">
<createdBy>peixe</createdBy>
<createdTime>2023-09-30 14:16:46 UTC</createdTime>
<ownerDesignName>modelagem_datatran</ownerDesignName>
<indexState>Foreign Key</indexState>
<isSurrogateKey>false</isSurrogateKey>
<indexColumnUsage>
<colUsage columnID="719D860D-1186-9D26-02D8-01283EF53E68"/>
</indexColumnUsage>
</ind_PK_UK>
<ind_PK_UK id="6B953F94-2475-F7CE-E444-05C82A76A0BB" name="dim_localidade_FK">
<createdBy>peixe</createdBy>
<createdTime>2023-09-30 14:16:55 UTC</createdTime>
<ownerDesignName>modelagem_datatran</ownerDesignName>
<indexState>Foreign Key</indexState>
<isSurrogateKey>false</isSurrogateKey>
<indexColumnUsage>
<colUsage columnID="69B17A96-AD08-403A-F002-3AF133BFF1B0"/>
</indexColumnUsage>
</ind_PK_UK>
<ind_PK_UK id="9601A1FC-3235-8599-B695-E73FCE35A524" name="dim_hora_FK">
<createdBy>peixe</createdBy>
<createdTime>2023-09-30 14:17:08 UTC</createdTime>
<ownerDesignName>modelagem_datatran</ownerDesignName>
<indexState>Foreign Key</indexState>
<isSurrogateKey>false</isSurrogateKey>
<indexColumnUsage>
<colUsage columnID="02BD040E-4E39-1137-D979-8BCF08E8385F"/>
</indexColumnUsage>
</ind_PK_UK>
<ind_PK_UK id="A29BC10C-C09F-AD16-628E-71ECE5D32AD1" name="dim_data_FK">
<createdBy>peixe</createdBy>
<createdTime>2023-09-30 14:17:16 UTC</createdTime>
<ownerDesignName>modelagem_datatran</ownerDesignName>
<indexState>Foreign Key</indexState>
<isSurrogateKey>false</isSurrogateKey>
<indexColumnUsage>
<colUsage columnID="3268A98C-73C9-8E13-CF56-045F5959F577"/>
</indexColumnUsage>
</ind_PK_UK>
<ind_PK_UK id="A51F9ADF-0373-332C-041D-AF4A522367EB" name="dim_condicao_meteorologica_FK">
<createdBy>peixe</createdBy>
<createdTime>2023-09-30 14:17:28 UTC</createdTime>
<ownerDesignName>modelagem_datatran</ownerDesignName>
<indexState>Foreign Key</indexState>
<isSurrogateKey>false</isSurrogateKey>
<indexColumnUsage>
<colUsage columnID="D2770637-B8F1-72FB-5253-F1751E227C0A"/>
</indexColumnUsage>
</ind_PK_UK>
<ind_PK_UK id="D7E2D87E-3237-824B-02B3-DDEF8EB10391" name="dim_tipo_pista_FK">
<createdBy>peixe</createdBy>
<createdTime>2023-09-30 14:17:33 UTC</createdTime>
<ownerDesignName>modelagem_datatran</ownerDesignName>
<indexState>Foreign Key</indexState>
<isSurrogateKey>false</isSurrogateKey>
<indexColumnUsage>
<colUsage columnID="50E2C2F2-C939-C26F-96F2-EF2AA9E32344"/>
</indexColumnUsage>
</ind_PK_UK>
</indexes>
</Table>