<?xml version = '1.0' encoding = 'UTF-8'?>
<Table class="oracle.dbtools.crest.model.design.relational.Table" directorySegmentName="seg_0" id="CC39247C-912E-3CF2-30D3-5495998E17B5" name="dim_causa_acidente">
<createdBy>peixe</createdBy>
<createdTime>2023-09-30 13:46:26 UTC</createdTime>
<ownerDesignName>modelagem_datatran</ownerDesignName>
<ordsAlias>table_1</ordsAlias>
<allowColumnReorder>false</allowColumnReorder>
<existDependencyGenerateInDDl>true</existDependencyGenerateInDDl>
<parsed>true</parsed>
<columns itemClass="oracle.dbtools.crest.model.design.relational.Column">
<Column name="ID_dsc_acidente" id="0D001783-F902-8738-27A6-B2022D4D883F">
<createdBy>peixe</createdBy>
<createdTime>2023-09-30 13:52:26 UTC</createdTime>
<ownerDesignName>modelagem_datatran</ownerDesignName>
<useDomainConstraints>false</useDomainConstraints>
<use>1</use>
<logicalDatatype>LOGDT019</logicalDatatype>
<dataTypePrecision>10</dataTypePrecision>
<ownDataTypeParameters>,10,</ownDataTypeParameters>
<autoIncrementCycle>false</autoIncrementCycle>
</Column>
<Column name="dsc_acidente" id="608A8616-51FB-B7F9-7A59-668CAE2FF3AB">
<createdBy>peixe</createdBy>
<createdTime>2023-09-30 13:52:26 UTC</createdTime>
<ownerDesignName>modelagem_datatran</ownerDesignName>
<useDomainConstraints>false</useDomainConstraints>
<use>1</use>
<logicalDatatype>LOGDT024</logicalDatatype>
<dataTypeSize>100</dataTypeSize>
<ownDataTypeParameters>100,,</ownDataTypeParameters>
<autoIncrementCycle>false</autoIncrementCycle>
</Column>
</columns>
<indexes itemClass="oracle.dbtools.crest.model.design.relational.Index">
<ind_PK_UK id="7C00E728-8C29-19AB-72CB-31F5EC43DB8C" name="dim_causa_acidente_PK">
<createdBy>peixe</createdBy>
<createdTime>2023-09-30 13:52:26 UTC</createdTime>
<ownerDesignName>modelagem_datatran</ownerDesignName>
<pk>true</pk>
<indexState>Primary Constraint</indexState>
<isSurrogateKey>false</isSurrogateKey>
<indexColumnUsage>
<colUsage columnID="0D001783-F902-8738-27A6-B2022D4D883F"/>
</indexColumnUsage>
</ind_PK_UK>
</indexes>
</Table>