<?xml version = '1.0' encoding = 'UTF-8'?>
<Diagram class="oracle.dbtools.crest.swingui.relational.DPVRelational" name="Relational_1" id="334398E5-8CDB-D0B2-A9B5-8B400F3A8F27">
<createdBy>peixe</createdBy>
<modifiedBy>peixe</modifiedBy>
<createdTime>2023-09-30 13:46:26 UTC</createdTime>
<autoRoute>false</autoRoute>
<boxInbox>true</boxInbox>
<showLegend>false</showLegend>
<showLabels>false</showLabels>
<showRelAttributes>false</showRelAttributes>
<gridEnabled>false</gridEnabled>
<showGrid>false</showGrid>
<diagramColor>-1</diagramColor>
<display>false</display>
<notation>1</notation>
<objectViews>
<OView class="oracle.dbtools.crest.swingui.relational.TVTable" oid="2974DC5D-98DF-ADF6-1CFC-4E04C7DC1F82" otype="Table" vid="56F6B561-2091-099B-34D7-8CF680324A0D">
<hideElementsInCurrentOnly>false</hideElementsInCurrentOnly>
<bounds x="889" y="115" width="170" height="110"/>
</OView>
<OView class="oracle.dbtools.crest.swingui.relational.TVTable" oid="311CD0ED-9674-D959-00E0-C21D1ADBDFDA" otype="Table" vid="3885B52C-563B-2408-9DA4-C403B478A3CA">
<hideElementsInCurrentOnly>false</hideElementsInCurrentOnly>
<bounds x="546" y="150" width="170" height="377"/>
</OView>
<OView class="oracle.dbtools.crest.swingui.relational.TVTable" oid="648F3B57-CDFE-538D-B4CB-639CE6C727DC" otype="Table" vid="CF4618AC-0201-5ED8-6328-8297ED36A678">
<hideElementsInCurrentOnly>false</hideElementsInCurrentOnly>
<bounds x="541" y="616" width="170" height="110"/>
</OView>
<OView class="oracle.dbtools.crest.swingui.relational.TVTable" oid="7512D11A-BCB9-C0D2-89BE-7A8FCA66EF51" otype="Table" vid="7E825FE9-22F7-B5E9-24C3-7D5412C5C35B">
<hideElementsInCurrentOnly>false</hideElementsInCurrentOnly>
<bounds x="154" y="332" width="170" height="110"/>
</OView>
<OView class="oracle.dbtools.crest.swingui.relational.TVTable" oid="859BE6F6-909E-4647-5122-9BEB7272F538" otype="Table" vid="A165D0DE-FF2E-75DA-965E-8CC7600CB5CB">
<hideElementsInCurrentOnly>false</hideElementsInCurrentOnly>
<bounds x="917" y="324" width="170" height="110"/>
</OView>
<OView class="oracle.dbtools.crest.swingui.relational.TVTable" oid="C34C4EC7-36DB-4A82-5A27-D25C113E9E65" otype="Table" vid="2CAE68B2-7867-1C17-9274-CD713FC22F9B">
<hideElementsInCurrentOnly>false</hideElementsInCurrentOnly>
<bounds x="172" y="595" width="170" height="110"/>
</OView>
<OView class="oracle.dbtools.crest.swingui.relational.TVTable" oid="CC39247C-912E-3CF2-30D3-5495998E17B5" otype="Table" vid="989BA94B-F9DA-4084-50C7-8FC961B3479D">
<hideElementsInCurrentOnly>false</hideElementsInCurrentOnly>
<bounds x="160" y="120" width="170" height="90"/>
</OView>
<OView class="oracle.dbtools.crest.swingui.relational.TVTable" oid="DCDCCCF1-0ED3-3BAC-E3B3-A4CED16B8636" otype="Table" vid="37F05AFA-E8FE-4D5B-1CC0-451EEAA9F5C7">
<hideElementsInCurrentOnly>false</hideElementsInCurrentOnly>
<bounds x="897" y="592" width="170" height="110"/>
</OView>
</objectViews>
<connectors>
<Connector class="oracle.dbtools.crest.swingui.relational.TVFKRelation" oid="0E8227F6-74D8-D5F6-9C15-B71D0AEBD000" otype="FKIndexAssociation" vid_source="7E825FE9-22F7-B5E9-24C3-7D5412C5C35B" vid_target="3885B52C-563B-2408-9DA4-C403B478A3CA">
<hideElementsInCurrentOnly>false</hideElementsInCurrentOnly>
<backgroundColor>-16777216</backgroundColor>
<lineWidth>1</lineWidth>
<points>
<point x="324" y="387"/>
<point x="546" y="387"/>
</points>
</Connector>
<Connector class="oracle.dbtools.crest.swingui.relational.TVFKRelation" oid="4E31AA3D-1176-B885-1FDF-93537D6A7187" otype="FKIndexAssociation" vid_source="56F6B561-2091-099B-34D7-8CF680324A0D" vid_target="3885B52C-563B-2408-9DA4-C403B478A3CA">
<hideElementsInCurrentOnly>false</hideElementsInCurrentOnly>
<backgroundColor>-16777216</backgroundColor>
<lineWidth>1</lineWidth>
<points>
<point x="889" y="187"/>
<point x="716" y="187"/>
</points>
</Connector>
<Connector class="oracle.dbtools.crest.swingui.relational.TVFKRelation" oid="85B452CA-F2C2-2013-05A7-121AB3B4E10C" otype="FKIndexAssociation" vid_source="989BA94B-F9DA-4084-50C7-8FC961B3479D" vid_target="3885B52C-563B-2408-9DA4-C403B478A3CA">
<hideElementsInCurrentOnly>false</hideElementsInCurrentOnly>
<backgroundColor>-16777216</backgroundColor>
<lineWidth>1</lineWidth>
<points>
<point x="330" y="180"/>
<point x="546" y="180"/>
</points>
</Connector>
<Connector class="oracle.dbtools.crest.swingui.relational.TVFKRelation" oid="886F824F-4CE8-3D18-A65B-D555BA404AA6" otype="FKIndexAssociation" vid_source="37F05AFA-E8FE-4D5B-1CC0-451EEAA9F5C7" vid_target="3885B52C-563B-2408-9DA4-C403B478A3CA">
<hideElementsInCurrentOnly>false</hideElementsInCurrentOnly>
<backgroundColor>-16777216</backgroundColor>
<lineWidth>1</lineWidth>
<points>
<point x="919" y="592"/>
<point x="716" y="413"/>
</points>
</Connector>
<Connector class="oracle.dbtools.crest.swingui.relational.TVFKRelation" oid="89D8E47A-F233-610C-BC6D-EB60551C33D7" otype="FKIndexAssociation" vid_source="2CAE68B2-7867-1C17-9274-CD713FC22F9B" vid_target="3885B52C-563B-2408-9DA4-C403B478A3CA">
<hideElementsInCurrentOnly>false</hideElementsInCurrentOnly>
<backgroundColor>-16777216</backgroundColor>
<lineWidth>1</lineWidth>
<points>
<point x="323" y="595"/>
<point x="546" y="409"/>
</points>
</Connector>
<Connector class="oracle.dbtools.crest.swingui.relational.TVFKRelation" oid="955497D0-8C06-B93E-C7A4-DDF1C5F4AA4D" otype="FKIndexAssociation" vid_source="A165D0DE-FF2E-75DA-965E-8CC7600CB5CB" vid_target="3885B52C-563B-2408-9DA4-C403B478A3CA">
<hideElementsInCurrentOnly>false</hideElementsInCurrentOnly>
<backgroundColor>-16777216</backgroundColor>
<lineWidth>1</lineWidth>
<points>
<point x="917" y="379"/>
<point x="716" y="379"/>
</points>
</Connector>
<Connector class="oracle.dbtools.crest.swingui.relational.TVFKRelation" oid="ABE1962E-DF5B-B734-AD47-A30692700178" otype="FKIndexAssociation" vid_source="CF4618AC-0201-5ED8-6328-8297ED36A678" vid_target="3885B52C-563B-2408-9DA4-C403B478A3CA">
<hideElementsInCurrentOnly>false</hideElementsInCurrentOnly>
<backgroundColor>-16777216</backgroundColor>
<lineWidth>1</lineWidth>
<points>
<point x="628" y="616"/>
<point x="628" y="527"/>
</points>
</Connector>
</connectors>
</Diagram>