<?xml version = '1.0' encoding = 'UTF-8'?>
<FKIndexAssociation class="oracle.dbtools.crest.model.design.relational.FKIndexAssociation" directorySegmentName="seg_0" id="0E8227F6-74D8-D5F6-9C15-B71D0AEBD000" containerWithKeyObject="311CD0ED-9674-D959-00E0-C21D1ADBDFDA" localFKIndex="025CA07B-8D48-2B2C-25F9-852D1E84FD3F" name="dim_tipo_acidente_FK">
<createdBy>peixe</createdBy>
<createdTime>2023-09-30 14:16:46 UTC</createdTime>
<ownerDesignName>modelagem_datatran</ownerDesignName>
<referredTableLongName>dim_tipo_acidente</referredTableLongName>
<deleteRule>NO ACTION</deleteRule>
<referredTableID>7512D11A-BCB9-C0D2-89BE-7A8FCA66EF51</referredTableID>
<keyObject>636905C3-33D6-00B9-F777-5CCDCBD0E018</keyObject>
<referredKeyID>636905C3-33D6-00B9-F777-5CCDCBD0E018</referredKeyID>
<mandatory>true</mandatory>
<refColNames>ID_tipo_acidente</refColNames>
<transferable>true</transferable>
<rely>false</rely>
<columnDependencyConstraintGenerateInDDL>true</columnDependencyConstraintGenerateInDDL>
</FKIndexAssociation>