<?xml version = '1.0' encoding = 'UTF-8'?>
<FKIndexAssociation class="oracle.dbtools.crest.model.design.relational.FKIndexAssociation" directorySegmentName="seg_0" id="886F824F-4CE8-3D18-A65B-D555BA404AA6" containerWithKeyObject="311CD0ED-9674-D959-00E0-C21D1ADBDFDA" localFKIndex="A29BC10C-C09F-AD16-628E-71ECE5D32AD1" name="dim_data_FK">
<createdBy>peixe</createdBy>
<createdTime>2023-09-30 14:17:16 UTC</createdTime>
<ownerDesignName>modelagem_datatran</ownerDesignName>
<referredTableLongName>dim_data</referredTableLongName>
<deleteRule>NO ACTION</deleteRule>
<referredTableID>DCDCCCF1-0ED3-3BAC-E3B3-A4CED16B8636</referredTableID>
<keyObject>B7C6248F-9F01-342A-9FA0-C5140411B17A</keyObject>
<referredKeyID>B7C6248F-9F01-342A-9FA0-C5140411B17A</referredKeyID>
<mandatory>true</mandatory>
<refColNames>ID_data</refColNames>
<transferable>true</transferable>
<rely>false</rely>
<columnDependencyConstraintGenerateInDDL>true</columnDependencyConstraintGenerateInDDL>
</FKIndexAssociation>