<?xml version = '1.0' encoding = 'UTF-8'?>
<FKIndexAssociation class="oracle.dbtools.crest.model.design.relational.FKIndexAssociation" directorySegmentName="seg_0" id="89D8E47A-F233-610C-BC6D-EB60551C33D7" containerWithKeyObject="311CD0ED-9674-D959-00E0-C21D1ADBDFDA" localFKIndex="6B953F94-2475-F7CE-E444-05C82A76A0BB" name="dim_localidade_FK">
<createdBy>peixe</createdBy>
<createdTime>2023-09-30 14:16:55 UTC</createdTime>
<ownerDesignName>modelagem_datatran</ownerDesignName>
<referredTableLongName>dim_localidade</referredTableLongName>
<deleteRule>NO ACTION</deleteRule>
<referredTableID>C34C4EC7-36DB-4A82-5A27-D25C113E9E65</referredTableID>
<keyObject>3C4465EA-C6A8-DD1E-687A-6F379877E86A</keyObject>
<referredKeyID>3C4465EA-C6A8-DD1E-687A-6F379877E86A</referredKeyID>
<mandatory>true</mandatory>
<refColNames>ID_local</refColNames>
<transferable>true</transferable>
<rely>false</rely>
<columnDependencyConstraintGenerateInDDL>true</columnDependencyConstraintGenerateInDDL>
</FKIndexAssociation>