<?xml version = '1.0' encoding = 'UTF-8'?>
<FKIndexAssociation class="oracle.dbtools.crest.model.design.relational.FKIndexAssociation" directorySegmentName="seg_0" id="ABE1962E-DF5B-B734-AD47-A30692700178" containerWithKeyObject="311CD0ED-9674-D959-00E0-C21D1ADBDFDA" localFKIndex="9601A1FC-3235-8599-B695-E73FCE35A524" name="dim_hora_FK">
<createdBy>peixe</createdBy>
<createdTime>2023-09-30 14:17:08 UTC</createdTime>
<ownerDesignName>modelagem_datatran</ownerDesignName>
<referredTableLongName>dim_hora</referredTableLongName>
<deleteRule>NO ACTION</deleteRule>
<referredTableID>648F3B57-CDFE-538D-B4CB-639CE6C727DC</referredTableID>
<keyObject>5654F873-35FF-3557-BA85-6C9F1CB5BEF9</keyObject>
<referredKeyID>5654F873-35FF-3557-BA85-6C9F1CB5BEF9</referredKeyID>
<mandatory>true</mandatory>
<refColNames>ID_hora</refColNames>
<transferable>true</transferable>
<rely>false</rely>
<columnDependencyConstraintGenerateInDDL>true</columnDependencyConstraintGenerateInDDL>
</FKIndexAssociation>